{
    "scaled_effort": 61.22476211334757,
    "scaled_dtau": 84.42655072653803,
    "nSaturations": 0,
    "avg_q_RMSE": 96.50133073029409,
    "avg_v_RMSE": 305.46764986908397,
    "ds_sol": 0.40038401194850093,
    "ds_d": 0.4,
    "dtheta_sol": -0.00019983650802824182,
    "dtheta": 0.0,
    "obj_xytheta_init": [
        0.1,
        -0.75,
        0.0
    ],
    "target_xyz": [
        0.5,
        -0.75,
        0.05
    ],
    "obj_xytheta_final": [
        0.4305678116050824,
        -0.7329563121204418,
        -0.3480877835390833
    ],
    "solve_time": 28.121384382247925,
    "horizon": 2.98958435446137,
    "is_success": false,
    "lag": -0.004636376123170471,
    "m_eff": 2.984840242629981,
    "v_ee_impact": 1.3896288297446273
}