{
    "scaled_effort": 50.698602241497404,
    "scaled_dtau": 54.30236141066975,
    "nSaturations": 4,
    "avg_q_RMSE": 78.94003263351026,
    "avg_v_RMSE": 597.2955045600954,
    "ds_sol": 0.14142130372287798,
    "ds_d": 0.1414213562373096,
    "dtheta_sol": 2.499999970000085,
    "dtheta": 2.5,
    "obj_xytheta_init": [
        0.1,
        -0.7,
        0.0
    ],
    "target_xyz": [
        0.2,
        -0.8,
        0.05
    ],
    "obj_xytheta_final": [
        0.14540947471427776,
        -0.8061399246875183,
        0.7227898462243615
    ],
    "solve_time": 6.535502672195435,
    "horizon": 1.7026746314832815,
    "is_success": true,
    "lag": -0.02500089995730892,
    "m_eff": 2.6115477887579885,
    "v_ee_impact": 0.8260464150511252
}