{
    "scaled_effort": 130.08552020091125,
    "scaled_dtau": 71.4734136486399,
    "nSaturations": 37,
    "avg_q_RMSE": 113.87401487485516,
    "avg_v_RMSE": 1329.975122516575,
    "ds_sol": 0.2973867980163849,
    "ds_d": 0.36055512754639896,
    "dtheta_sol": 0.00457274473288048,
    "dtheta": -1.0,
    "obj_xytheta_init": [
        0.1,
        -0.8,
        0.0
    ],
    "target_xyz": [
        -0.1,
        -1.1,
        0.05
    ],
    "obj_xytheta_final": [
        0.0010075384430671965,
        -1.2189354764619298,
        -0.0978392821452094
    ],
    "solve_time": 8.73241376876831,
    "horizon": 1.9162289465615692,
    "is_success": true,
    "lag": null,
    "m_eff": 2.50739300843796,
    "v_ee_impact": 1.740349725086099
}