{
    "scaled_effort": 53.31972911613613,
    "scaled_dtau": 57.58568628379252,
    "nSaturations": 1,
    "avg_q_RMSE": 85.78707783251971,
    "avg_v_RMSE": 552.449274424676,
    "ds_sol": 0.14111019506625644,
    "ds_d": 0.1414213562373096,
    "dtheta_sol": 2.5005283544733734,
    "dtheta": 2.5,
    "obj_xytheta_init": [
        0.1,
        -0.7,
        0.0
    ],
    "target_xyz": [
        0.2,
        -0.8,
        0.05
    ],
    "obj_xytheta_final": [
        0.1010170424440437,
        -0.881805597523566,
        0.3950121853079588
    ],
    "solve_time": 4.006163835525513,
    "horizon": 1.9125540211179743,
    "is_success": true,
    "lag": -0.03515948746947117,
    "m_eff": 2.9627825576985476,
    "v_ee_impact": 0.7916241425508334
}