{
    "scaled_effort": 139.3386910617557,
    "scaled_dtau": 76.32875157715742,
    "nSaturations": 30,
    "avg_q_RMSE": 118.18534359718915,
    "avg_v_RMSE": 1291.2066926866542,
    "ds_sol": 0.28352252996529415,
    "ds_d": 0.36055512754639896,
    "dtheta_sol": 0.004846952963005014,
    "dtheta": -1.0,
    "obj_xytheta_init": [
        0.1,
        -0.8,
        0.0
    ],
    "target_xyz": [
        -0.1,
        -1.1,
        0.05
    ],
    "obj_xytheta_final": [
        -0.0033489779051305885,
        -1.1196246652083148,
        0.0483458547009965
    ],
    "solve_time": 40.23146080970764,
    "horizon": 1.9217456856964785,
    "is_success": true,
    "lag": -0.0133919070135613,
    "m_eff": 3.2003278137056834,
    "v_ee_impact": 1.6601996222903237
}